{
    "transform": [
        [
            -0.01575416699051857,
            0.9016740322113037,
            -0.4321294128894806,
            -0.02859588712453842
        ],
        [
            0.997475802898407,
            -0.01575416699051857,
            -0.06923745572566986,
            -0.0671268105506897
        ],
        [
            -0.06923745572566986,
            -0.4321294128894806,
            -0.8991498351097107,
            0.058254681527614594
        ]
    ],
    "scale": 0.17559275213693534
}